{
    "accuracy": 0.9486866218692731,
    "precision": 0.9468817275340397,
    "recall": 0.9486866218692731
}
